{"cameraMode":{"drawMode":0,"name":"Shaded","section":"Shading Mode"},"sceneLighting":false,"audioPlay":false,"sceneViewState":{"showFog":true,"showMaterialUpdate":false,"showSkybox":true,"showFlares":true,"showImageEffects":true,"showParticleSystems":true},"in2DMode":false,"pivot":{"x":-14.628087043762207,"y":2.684321403503418,"z":1.4217777252197266},"rotation":{"x":-0.27588123083114626,"y":0.683362603187561,"z":-0.31531745195388796,"w":-0.5978963971138},"size":7.737355709075928,"orthographic":false}