{"cameraMode":{"drawMode":0,"name":"Shaded","section":"Shading Mode"},"sceneLighting":false,"audioPlay":false,"sceneViewState":{"showFog":true,"showMaterialUpdate":false,"showSkybox":true,"showFlares":true,"showImageEffects":true,"showParticleSystems":true},"in2DMode":false,"pivot":{"x":-17.763750076293947,"y":2006.1134033203125,"z":0.6831972599029541},"rotation":{"x":-0.12610779702663423,"y":0.795350193977356,"z":-0.17728430032730103,"w":-0.5657607913017273},"size":9.775694847106934,"orthographic":false}