{"cameraMode":{"drawMode":0,"name":"Shaded","section":"Shading Mode"},"sceneLighting":false,"audioPlay":false,"sceneViewState":{"showFog":true,"showMaterialUpdate":false,"showSkybox":true,"showFlares":true,"showImageEffects":true,"showParticleSystems":true},"in2DMode":false,"pivot":{"x":7.977100372314453,"y":-10.851362228393555,"z":0.1577412486076355},"rotation":{"x":-0.25600481033325198,"y":0.6552479267120361,"z":-0.2524999678134918,"w":-0.6643458604812622},"size":62.60397720336914,"orthographic":false}