{"cameraMode":{"drawMode":0,"name":"Shaded","section":"Shading Mode"},"sceneLighting":false,"audioPlay":false,"sceneViewState":{"showFog":true,"showMaterialUpdate":false,"showSkybox":true,"showFlares":true,"showImageEffects":true,"showParticleSystems":true},"in2DMode":false,"pivot":{"x":15.700353622436524,"y":43.50309753417969,"z":-51.09357833862305},"rotation":{"x":0.31509649753570559,"y":-0.33040720224380495,"z":-0.11806406825780869,"w":-0.8818197846412659},"size":116.30449676513672,"orthographic":false}