{"cameraMode":{"drawMode":0,"name":"Shaded","section":"Shading Mode"},"sceneLighting":false,"audioPlay":false,"sceneViewState":{"showFog":true,"showMaterialUpdate":false,"showSkybox":true,"showFlares":true,"showImageEffects":true,"showParticleSystems":true},"in2DMode":false,"pivot":{"x":7.993210792541504,"y":-5.961675643920898,"z":4.573277950286865},"rotation":{"x":0.3016956150531769,"y":0.5811117887496948,"z":-0.24521750211715699,"w":0.7149526476860046},"size":45.93906021118164,"orthographic":false}